{"layer0/fpf loss": 0.4247685670852661, "_timestamp": 1661489428, "_runtime": 624, "layer0/total fpf loss": 0.4247685670852661, "layer1/fpf loss": 0.44810834527015686, "layer1/total fpf loss": 0.8728768825531006, "fsm loss": 3.6757183261215685e-10, "thermal_loss_seg": 0.08018217235803604, "rgb_loss_seg": 0.9662603735923767, "total_loss": 1.0501182079315186, "_step": 51, "_wandb": {"runtime": 626}}